epoch,time,train/box_loss,train/cls_loss,train/dfl_loss,metrics/precision(B),metrics/recall(B),metrics/mAP50(B),metrics/mAP50-95(B),val/box_loss,val/cls_loss,val/dfl_loss,lr/pg0,lr/pg1,lr/pg2
1,84.1244,2.8285,5.3702,2.7177,0.00042,0.03333,5e-05,1e-05,2.61203,5.10315,2.3881,0.000274196,0.000274196,0.000274196
2,172.088,2.39147,4.60642,2.32676,0.73728,0.06501,0.03146,0.01172,2.47989,4.05923,2.44182,0.000497228,0.000497228,0.000497228
3,254.745,2.33964,4.26818,2.28389,0.70645,0.05015,0.02741,0.00888,2.45287,3.90254,2.33877,0.000665282,0.000665282,0.000665282
4,336.618,2.27159,3.96111,2.20745,0.37301,0.05461,0.03522,0.01611,2.23812,3.85306,2.16413,0.000585599,0.000585599,0.000585599
5,418.596,2.17075,3.76199,2.14986,0.37529,0.06785,0.02802,0.01145,2.25996,3.81859,2.20478,0.000503132,0.000503132,0.000503132
6,499.192,2.04731,3.56697,2.08532,0.05239,0.09631,0.0474,0.02076,2.01816,3.47977,1.99818,0.000420665,0.000420665,0.000420665
7,581.564,2.01666,3.42233,2.04279,0.01385,0.10029,0.02795,0.01185,2.13005,3.57677,2.02279,0.000338198,0.000338198,0.000338198
8,668.78,1.9428,3.40755,1.99567,0.10026,0.12183,0.06676,0.02687,1.92428,3.29904,1.91726,0.000255731,0.000255731,0.000255731
9,752.093,1.93889,3.36357,2.00949,0.11949,0.13953,0.08647,0.03412,2.07974,3.23929,1.96677,0.000173264,0.000173264,0.000173264
10,856.815,1.85522,3.25013,1.94651,0.07999,0.12773,0.08374,0.03252,2.00129,3.23586,1.94999,9.0797e-05,9.0797e-05,9.0797e-05
